-- =========================
-- CLIENTS
-- =========================
INSERT INTO clients_client (
    first_name,
    last_name,
    phone,
    gender,
    birth_date,
    is_active,
    created_at
)
VALUES
    ('Иван', 'Иванов', '+79990000001', 'male', '1992-03-14', TRUE, CURRENT_TIMESTAMP),
    ('Пётр', 'Петров', '+79990000002', 'male', '1988-07-21', TRUE, CURRENT_TIMESTAMP),
    ('Алексей', 'Смирнов', '+79990000003', 'male', '1995-01-10', TRUE, CURRENT_TIMESTAMP),
    ('Дмитрий', 'Кузнецов', '+79990000004', 'male', '1990-11-05', TRUE, CURRENT_TIMESTAMP),
    ('Сергей', 'Попов', '+79990000005', 'male', '1987-09-18', TRUE, CURRENT_TIMESTAMP),
    ('Андрей', 'Васильев', '+79990000006', 'male', '1993-06-25', TRUE, CURRENT_TIMESTAMP),
    ('Максим', 'Соколов', '+79990000007', 'male', '1998-12-02', TRUE, CURRENT_TIMESTAMP),
    ('Николай', 'Морозов', '+79990000008', 'male', '1985-04-30', FALSE, CURRENT_TIMESTAMP),
    ('Егор', 'Волков', '+79990000009', 'male', '1996-08-09', TRUE, CURRENT_TIMESTAMP),
    ('Роман', 'Лебедев', '+79990000010', 'male', '1991-02-17', TRUE, CURRENT_TIMESTAMP),
    ('Анна', 'Козлова', '+79990000011', 'female', '1994-05-12', TRUE, CURRENT_TIMESTAMP),
    ('Мария', 'Новикова', '+79990000012', 'female', '1989-10-03', TRUE, CURRENT_TIMESTAMP),
    ('Елена', 'Фёдорова', '+79990000013', 'female', '1997-07-27', TRUE, CURRENT_TIMESTAMP),
    ('Ольга', 'Михайлова', '+79990000014', 'female', '1993-01-19', FALSE, CURRENT_TIMESTAMP),
    ('Наталья', 'Беляева', '+79990000015', 'female', '1986-06-08', TRUE, CURRENT_TIMESTAMP),
    ('Татьяна', 'Тарасова', '+79990000016', 'female', '1990-09-14', TRUE, CURRENT_TIMESTAMP),
    ('Юлия', 'Комарова', '+79990000017', 'female', '1998-11-23', TRUE, CURRENT_TIMESTAMP),
    ('Светлана', 'Орлова', '+79990000018', 'female', '1992-04-06', TRUE, CURRENT_TIMESTAMP),
    ('Ксения', 'Никитина', '+79990000019', 'female', '1995-12-11', TRUE, CURRENT_TIMESTAMP),
    ('Дарья', 'Павлова', '+79990000020', 'female', '1999-08-29', TRUE, CURRENT_TIMESTAMP);

-- =========================
-- TRAINERS
-- =========================
INSERT INTO trainers_trainer (
    id, first_name, last_name, phone, gender, birth_date, specialization, is_active, created_at
) VALUES
    (1, 'Артём',   'Орлов',     '+79991110001', 'male',   '1988-06-11', 'Йога и стретчинг',           TRUE, '2026-04-01 11:00:00'),
    (2, 'Ирина',   'Белова',    '+79991110002', 'female', '1990-02-19', 'Пилатес и функционал',       TRUE, '2026-04-01 11:05:00'),
    (3, 'Максим',  'Егоров',    '+79991110003', 'male',   '1986-10-07', 'Кроссфит и ОФП',             TRUE, '2026-04-01 11:10:00'),
    (4, 'Наталья', 'Романова',  '+79991110004', 'female', '1992-12-01', 'Персональные и бокс-фитнес', TRUE, '2026-04-01 11:15:00');

-- =========================
-- SERVICES
-- =========================
INSERT INTO services_service (
    id, name, service_type, default_duration_minutes, default_capacity, price, is_active, created_at
) VALUES
    (1, 'Йога',                 'group',      60, 12, 25.00, TRUE, '2026-04-01 11:30:00'),
    (2, 'Пилатес',              'group',      60, 10, 28.00, TRUE, '2026-04-01 11:31:00'),
    (3, 'Кроссфит',             'group',      60, 15, 30.00, TRUE, '2026-04-01 11:32:00'),
    (4, 'Персональная тренировка','individual',60,  1, 50.00, TRUE, '2026-04-01 11:33:00'),
    (5, 'Стретчинг',            'group',      45, 14, 20.00, TRUE, '2026-04-01 11:34:00'),
    (6, 'Бокс-фитнес',          'individual', 60,  1, 55.00, TRUE, '2026-04-01 11:35:00');

-- =========================
-- MEMBERSHIP PLANS
-- =========================
INSERT INTO services_membershipplan (
    id, name, price, duration_days, visit_limit, is_active, created_at
) VALUES
    (1, '1 месяц / 12 посещений', 180.00, 30, 12,  TRUE, '2026-04-01 12:00:00'),
    (2, '1 месяц / безлимит',     250.00, 30, NULL, TRUE, '2026-04-01 12:01:00'),
    (3, '3 месяца / 36 посещений',500.00, 90, 36,  TRUE, '2026-04-01 12:02:00'),
    (4, '1 неделя / 3 посещения',  60.00,  7,  3,  TRUE, '2026-04-01 12:03:00');

-- =========================
-- CLIENT MEMBERSHIPS
-- =========================
INSERT INTO clients_clientmembership (
    id, client_id, membership_plan_id, start_date, end_date, remaining_visits, status, created_at
) VALUES
    (1,  1, 1, '2026-04-01', '2026-04-30',  9,    'active',  '2026-04-01 12:30:00'),
    (2,  2, 2, '2026-04-05', '2026-05-04',  NULL, 'active',  '2026-04-05 12:35:00'),
    (3,  3, 3, '2026-03-01', '2026-05-29', 32,    'active',  '2026-03-01 09:00:00'),
    (4,  4, 4, '2026-04-10', '2026-04-16',  1,    'active',  '2026-04-10 08:40:00'),
    (5,  5, 1, '2026-02-01', '2026-03-02',  0,    'used_up', '2026-02-01 10:10:00'),
    (6,  6, 2, '2026-02-10', '2026-03-11',  NULL, 'expired', '2026-02-10 11:20:00'),
    (7,  7, 3, '2026-04-01', '2026-06-29', 36,    'frozen',  '2026-04-01 12:45:00'),
    (8, 10, 1, '2026-04-07', '2026-05-06', 11,    'active',  '2026-04-07 13:00:00');

-- =========================
-- TRAINER WORK SLOTS
-- =========================
INSERT INTO trainers_trainerworkslot (
    id, trainer_id, start_datetime, end_datetime, is_available, comment, created_at
) VALUES
    (1, 1, '2026-04-15 08:00:00', '2026-04-15 12:00:00', TRUE,  'Утренний слот',            '2026-04-10 09:00:00'),
    (2, 2, '2026-04-15 10:00:00', '2026-04-15 14:00:00', TRUE,  'Групповые тренировки',     '2026-04-10 09:05:00'),
    (3, 3, '2026-04-15 17:00:00', '2026-04-15 21:00:00', TRUE,  'Вечерний слот',            '2026-04-10 09:10:00'),
    (4, 4, '2026-04-15 11:30:00', '2026-04-15 15:30:00', TRUE,  'Персональные тренировки',  '2026-04-10 09:15:00'),

    (5, 1, '2026-04-16 08:00:00', '2026-04-16 11:00:00', TRUE,  'Стретчинг и йога',         '2026-04-10 09:20:00'),
    (6, 4, '2026-04-16 16:00:00', '2026-04-16 19:00:00', TRUE,  'Бокс-фитнес',              '2026-04-10 09:25:00'),

    (7, 2, '2026-04-17 07:30:00', '2026-04-17 10:00:00', TRUE,  'Утренний пилатес/йога',    '2026-04-10 09:30:00'),
    (8, 3, '2026-04-17 18:30:00', '2026-04-17 21:30:00', TRUE,  'Индивидуальные тренировки','2026-04-10 09:35:00');

-- =========================
-- SESSIONS
-- =========================
INSERT INTO bookings_session (
    id, service_id, trainer_id, start_datetime, end_datetime, capacity, price, status, created_at
) VALUES
    (1, 1, 1, '2026-04-15 09:00:00', '2026-04-15 10:00:00', 12, 25.00, 'planned',   '2026-04-10 10:00:00'),
    (2, 2, 2, '2026-04-15 10:30:00', '2026-04-15 11:30:00', 10, 28.00, 'planned',   '2026-04-10 10:05:00'),
    (3, 3, 3, '2026-04-15 18:00:00', '2026-04-15 19:00:00', 15, 30.00, 'planned',   '2026-04-10 10:10:00'),
    (4, 4, 4, '2026-04-15 12:00:00', '2026-04-15 13:00:00',  1, 50.00, 'planned',   '2026-04-10 10:15:00'),
    (5, 5, 1, '2026-04-16 09:00:00', '2026-04-16 09:45:00', 14, 20.00, 'completed', '2026-04-10 10:20:00'),
    (6, 6, 4, '2026-04-16 17:00:00', '2026-04-16 18:00:00',  1, 55.00, 'completed', '2026-04-10 10:25:00'),
    (7, 1, 2, '2026-04-17 08:00:00', '2026-04-17 09:00:00', 12, 25.00, 'canceled',  '2026-04-10 10:30:00'),
    (8, 4, 3, '2026-04-17 19:30:00', '2026-04-17 20:30:00',  1, 50.00, 'planned',   '2026-04-10 10:35:00');

-- =========================
-- BOOKINGS
-- cancel_reason у тебя NOT NULL, поэтому он заполнен всегда
-- =========================
INSERT INTO bookings_booking (
    id, client_id, session_id, status, canceled_by, cancel_reason, price_final, created_at
) VALUES
    (1,  1, 1, 'visited',  NULL,      'not_canceled',              25.00, '2026-04-12 09:00:00'),
    (2,  2, 1, 'booked',   NULL,      'not_canceled',              25.00, '2026-04-12 09:05:00'),
    (3,  3, 1, 'booked',   NULL,      'not_canceled',              25.00, '2026-04-12 09:10:00'),

    (4,  4, 2, 'booked',   NULL,      'not_canceled',              28.00, '2026-04-12 09:20:00'),

    (5,  5, 3, 'visited',  NULL,      'not_canceled',              30.00, '2026-04-12 09:30:00'),
    (6,  6, 3, 'booked',   NULL,      'not_canceled',              30.00, '2026-04-12 09:35:00'),
    (7,  9, 3, 'missed',   NULL,      'Клиент не пришёл',          30.00, '2026-04-12 09:40:00'),

    (8,  7, 4, 'booked',   NULL,      'not_canceled',              50.00, '2026-04-12 09:45:00'),

    (9,  1, 5, 'visited',  NULL,      'not_canceled',              20.00, '2026-04-12 10:00:00'),

    (10, 8, 6, 'canceled', 'client',  'Клиент отменил тренировку', 55.00, '2026-04-12 10:05:00'),
    (11,10, 7, 'canceled', 'admin',   'Занятие отменено клубом',   25.00, '2026-04-12 10:10:00'),

    (12, 2, 8, 'booked',   NULL,      'not_canceled',              50.00, '2026-04-12 10:15:00');

-- =========================
-- ONE TIME VISITS
-- =========================
INSERT INTO bookings_onetimevisit (
    id, client_id, visit_date, price, status, created_at
) VALUES
    (1, 4,  '2026-04-11', 20.00, 'visited',  '2026-04-11 08:00:00'),
    (2, 6,  '2026-04-12', 30.00, 'paid',     '2026-04-12 08:05:00'),
    (3, 8,  '2026-04-13', 25.00, 'canceled', '2026-04-13 08:10:00'),
    (4, 9,  '2026-04-14', 20.00, 'visited',  '2026-04-14 08:15:00');